[
   {
      "subject":{
         "subject_id":1394,
         "subject_type":"product",
         "name":"World Records 2017",
         "description":"The ultimate annual book of records is back and crammed with more than ever before \"Guinness World Records 2017\" is bursting with all-new records on topics as diverse as black holes, domes, owls, and killer plants. Want to know the highest anyone has travelled on a skateboard, or the largest loop-the-loop completed in a car?",
         "category_name":"Hardcover",
         "brand_name":"Guinness",
         "page_id":"6803497748324",
         "page_id_variant":"",
         "product_id":2308263,
         "product_url":"http://www.booksamillion.com/p/Guinness-World-Records/Guinness-World-Records-Limited/9781910561331?id=6803497748324",
         "product_image_url":"http://covers4.booksamillion.com/covers/bam/1/91/056/133/1910561339_b.jpg",
         "catalog_information":{
            "id":333056,
            "group_id":12846
         }
      },
      "ugc":{
         "ugc_id":7611,
         "subject_id":1394,
         "ugc_type":"review",
         "created_date":"2016-07-21 13:06:28.0",
         "updated_date":"2016-11-07 12:44:40.163",
         "author":"Marlie",
         "location":"undisclosed",
         "review_headline":"This is a good conversation piece",
         "review_comments":"It's for my husband for Christmas and he likes to look up the different things people like to do",
         "reviewer_type":"Verified Buyer",
         "email_confirm_status":"UNVERIFIED",
         "source":"email",
         "helpful_votes":0,
         "not_helpful_votes":0,
         "rating":5,
         "site_status":"published",
         "network_status":null,
         "ugc_related_content":{
            "media":[

            ]
         }
      },
      "existing_observations":[
         {
            "observation_ugc_id":126,
            "created_date":"2016-11-07 11:44:39.9213",
            "updated_date":"2016-11-07 11:44:39.9213",
            "observation_type_code":"NR"
         },
         {
            "observation_ugc_id":127,
            "created_date":"2016-11-07 11:53:15.262021",
            "updated_date":"2016-11-07 11:53:15.262021",
            "observation_type_code":"CC"
         },
         {
            "observation_ugc_id":128,
            "created_date":"2016-11-07 11:53:49.82932",
            "updated_date":"2016-11-07 11:53:49.82932",
            "observation_type_code":"CC"
         },
         {
            "observation_ugc_id":129,
            "created_date":"2016-11-07 11:55:01.387349",
            "updated_date":"2016-11-07 11:55:01.387349",
            "observation_type_code":"PR"
         },
         {
            "observation_ugc_id":130,
            "created_date":"2016-11-07 12:44:40.16352",
            "updated_date":"2016-11-07 12:44:40.16352",
            "observation_type_code":"PII"
         }
      ],
      "pwr_observations":[
         {
            "name":"Safety Concern",
            "description":"Content has evidence of potential danger, violence, child pornography, serious injury or death.   Content contains statement that can be construed as soliciting or providing medical advice",
            "created_date":"2016-10-24 10:25:42.996925",
            "updated_date":"2016-10-24 10:25:42.996925",
            "observation_type_code":"SC"
         }
      ],
      "merchant_observations":[

      ]
   },
   {
      "subject":{
         "subject_id":1394,
         "subject_type":"product",
         "name":"A Man Called Ove",
         "description":"Read the \"New York Times\" bestseller that has taken the world by storm
Meet Ove. He s a curmudgeon the kind of man who points at people he dislikes as if they were burglars caught outside his bedroom window. He has staunch principles, strict routines, and a short fuse.",
         "category_name":"Hardcover",
         "brand_name": null,
         "page_id":"6803497748324",
         "page_id_variant":"",
         "product_id":2308263,
         "product_url":"http://www.booksamillion.com/p/Man-Called-Ove/Fredrik-Backman/9781476738024?id=6803497748324",
         "product_image_url":"http://covers1.booksamillion.com/covers/bam/1/47/673/802/1476738025_b.jpg",
         "catalog_information":{
            "id":333056,
            "group_id":12846
         }
      },
      "ugc":{
         "ugc_id":7611,
         "subject_id":1394,
         "ugc_type":"review",
         "created_date":"2016-07-21 13:06:28.0",
         "updated_date":"2016-11-07 12:44:40.163",
         "author":"Lanie",
         "location":"Tampa, FL",
         "review_headline":"Delightful",
         "review_comments":"A MAN CALLED OVE is the kind of book that you can pick up and put down at random times throughout the day. The chapters are short, the characters are interesting, and the uncomplicated story line rolls along easily. The author has a humorous way of describing people and objects as seen through the eyes of the main character, Ove. I really enjoyed Fredrik Backman's style of writing and will look forward to reading another of his books in the future.",
         "reviewer_type":"Verified Buyer",
         "email_confirm_status":"UNVERIFIED",
         "source":"email",
         "helpful_votes":0,
         "not_helpful_votes":0,
         "rating":5,
         "site_status":"published",
         "network_status":null,
         "ugc_related_content":{
            "media":[

            ]
         }
      },
      "existing_observations":[
         {
            "observation_ugc_id":126,
            "created_date":"2016-11-07 11:44:39.9213",
            "updated_date":"2016-11-07 11:44:39.9213",
            "observation_type_code":"NR"
         },
         {
            "observation_ugc_id":127,
            "created_date":"2016-11-07 11:53:15.262021",
            "updated_date":"2016-11-07 11:53:15.262021",
            "observation_type_code":"CC"
         },
         {
            "observation_ugc_id":128,
            "created_date":"2016-11-07 11:53:49.82932",
            "updated_date":"2016-11-07 11:53:49.82932",
            "observation_type_code":"CC"
         },
         {
            "observation_ugc_id":129,
            "created_date":"2016-11-07 11:55:01.387349",
            "updated_date":"2016-11-07 11:55:01.387349",
            "observation_type_code":"PR"
         },
         {
            "observation_ugc_id":130,
            "created_date":"2016-11-07 12:44:40.16352",
            "updated_date":"2016-11-07 12:44:40.16352",
            "observation_type_code":"PII"
         }
      ],
      "pwr_observations":[
         {
            "name":"Safety Concern",
            "description":"Content has evidence of potential danger, violence, child pornography, serious injury or death.   Content contains statement that can be construed as soliciting or providing medical advice",
            "created_date":"2016-10-24 10:25:42.996925",
            "updated_date":"2016-10-24 10:25:42.996925",
            "observation_type_code":"SC"
         }
      ],
      "merchant_observations":[

      ]
   },
   {
      "subject":{
         "subject_id":1394,
         "subject_type":"product",
         "name":"The Whistler",
         "description":"We expect our judges to be honest and wise.Their integrity and impartiality are the bedrock of the entire judicial system. We trust them to ensure fair trials, to protect the rights of all litigants, to punish those who do wrong, and to oversee the orderly and efficient flow of justice. But what happens when a judge bends the law or takes a bribe?It s rare, but it happens. Lacy Stoltz is an investigator for the Florida Board on Judicial Conduct. She is a lawyer, not a cop, and it is her job to respond to complaints dealing with judicial misconduct. After nine years with the Board, she knows that most problems are caused by incompetence, not corruption. But a corruption case eventually crosses her desk.A previously disbarred lawyer is back in business with a new identity. He now goes by the name Greg Myers, and he claims to know of a Florida judge who has stolen more money than all other crooked judges combined. And not just crooked judges in Florida.All judges, from all states, and throughout U.S. history.",
         "category_name":"Hardcover",
         "brand_name": null,
         "page_id":"6803497748324",
         "page_id_variant":"",
         "product_id":2308263,
         "product_url":"http://www.booksamillion.com/p/Whistler/John-Grisham/9780385541190?id=6803497748324",
         "product_image_url":"http://covers3.booksamillion.com/covers/bam/0/38/554/119/0385541198_b.jpg",
         "catalog_information":{
            "id":333056,
            "group_id":12846
         }
      },
      "ugc":{
         "ugc_id":7611,
         "subject_id":1394,
         "ugc_type":"review",
         "created_date":"2016-07-21 13:06:28.0",
         "updated_date":"2016-11-07 12:44:40.163",
         "author":"Lenore",
         "location":"undisclosed",
         "review_headline":"I await his next book, I'm hoping it won't be that long.",
         "review_comments":"As usual John Grisham never fails to deliver. I end up reading his books in a day, just can't put it down!",
         "reviewer_type":"Verified Buyer",
         "email_confirm_status":"UNVERIFIED",
         "source":"email",
         "helpful_votes":0,
         "not_helpful_votes":0,
         "rating":5,
         "site_status":"published",
         "network_status":null,
         "ugc_related_content":{
            "media":[

            ]
         }
      },
      "existing_observations":[
         {
            "observation_ugc_id":126,
            "created_date":"2016-11-07 11:44:39.9213",
            "updated_date":"2016-11-07 11:44:39.9213",
            "observation_type_code":"NR"
         },
         {
            "observation_ugc_id":127,
            "created_date":"2016-11-07 11:53:15.262021",
            "updated_date":"2016-11-07 11:53:15.262021",
            "observation_type_code":"CC"
         },
         {
            "observation_ugc_id":128,
            "created_date":"2016-11-07 11:53:49.82932",
            "updated_date":"2016-11-07 11:53:49.82932",
            "observation_type_code":"CC"
         },
         {
            "observation_ugc_id":129,
            "created_date":"2016-11-07 11:55:01.387349",
            "updated_date":"2016-11-07 11:55:01.387349",
            "observation_type_code":"PR"
         },
         {
            "observation_ugc_id":130,
            "created_date":"2016-11-07 12:44:40.16352",
            "updated_date":"2016-11-07 12:44:40.16352",
            "observation_type_code":"PII"
         }
      ],
      "pwr_observations":[
         {
            "name":"Safety Concern",
            "description":"Content has evidence of potential danger, violence, child pornography, serious injury or death.   Content contains statement that can be construed as soliciting or providing medical advice",
            "created_date":"2016-10-24 10:25:42.996925",
            "updated_date":"2016-10-24 10:25:42.996925",
            "observation_type_code":"SC"
         }
      ],
      "merchant_observations":[

      ]
   },
   {
      "subject":{
         "subject_id":1394,
         "subject_type":"product",
         "name":"A Man Called Ove",
         "description":"Read the \"New York Times\" bestseller that has taken the world by storm
Meet Ove. He s a curmudgeon the kind of man who points at people he dislikes as if they were burglars caught outside his bedroom window. He has staunch principles, strict routines, and a short fuse.",
         "category_name":"Hardcover",
         "brand_name": null,
         "page_id":"6803497748324",
         "page_id_variant":"",
         "product_id":2308263,
         "product_url":"http://www.booksamillion.com/p/Man-Called-Ove/Fredrik-Backman/9781476738024?id=6803497748324",
         "product_image_url":"http://covers1.booksamillion.com/covers/bam/1/47/673/802/1476738025_b.jpg",
         "catalog_information":{
            "id":333056,
            "group_id":12846
         }
      },
      "ugc":{
         "ugc_id":7611,
         "subject_id":1394,
         "ugc_type":"review",
         "created_date":"2016-07-21 13:06:28.0",
         "updated_date":"2016-11-07 12:44:40.163",
         "author":"Jhcp",
         "location":"Madison, WI by way of Seattle;Atlanta",
         "review_headline":"Do yourself a favor",
         "review_comments":"Read Last page then start back at the beginning..wonderful read! Reminds me a little of harold fry as well as the 100 yr old man....",
         "reviewer_type":"Verified Buyer",
         "email_confirm_status":"UNVERIFIED",
         "source":"email",
         "helpful_votes":0,
         "not_helpful_votes":0,
         "rating":5,
         "site_status":"unpublished",
         "network_status":null,
         "ugc_related_content":{
            "media":[

            ]
         }
      },
      "existing_observations":[
         {
            "observation_ugc_id":126,
            "created_date":"2016-11-07 11:44:39.9213",
            "updated_date":"2016-11-07 11:44:39.9213",
            "observation_type_code":"NR"
         },
         {
            "observation_ugc_id":127,
            "created_date":"2016-11-07 11:53:15.262021",
            "updated_date":"2016-11-07 11:53:15.262021",
            "observation_type_code":"CC"
         },
         {
            "observation_ugc_id":128,
            "created_date":"2016-11-07 11:53:49.82932",
            "updated_date":"2016-11-07 11:53:49.82932",
            "observation_type_code":"CC"
         },
         {
            "observation_ugc_id":129,
            "created_date":"2016-11-07 11:55:01.387349",
            "updated_date":"2016-11-07 11:55:01.387349",
            "observation_type_code":"PR"
         },
         {
            "observation_ugc_id":130,
            "created_date":"2016-11-07 12:44:40.16352",
            "updated_date":"2016-11-07 12:44:40.16352",
            "observation_type_code":"PII"
         }
      ],
      "pwr_observations":[
         {
            "name":"Safety Concern",
            "description":"Content has evidence of potential danger, violence, child pornography, serious injury or death.   Content contains statement that can be construed as soliciting or providing medical advice",
            "created_date":"2016-10-24 10:25:42.996925",
            "updated_date":"2016-10-24 10:25:42.996925",
            "observation_type_code":"SC"
         }
      ],
      "merchant_observations":[

      ]
   },
   {
      "subject":{
         "subject_id":1394,
         "subject_type":"product",
         "name":"The Whistler",
         "description":"We expect our judges to be honest and wise.Their integrity and impartiality are the bedrock of the entire judicial system. We trust them to ensure fair trials, to protect the rights of all litigants, to punish those who do wrong, and to oversee the orderly and efficient flow of justice. But what happens when a judge bends the law or takes a bribe?It s rare, but it happens. Lacy Stoltz is an investigator for the Florida Board on Judicial Conduct. She is a lawyer, not a cop, and it is her job to respond to complaints dealing with judicial misconduct. After nine years with the Board, she knows that most problems are caused by incompetence, not corruption. But a corruption case eventually crosses her desk.A previously disbarred lawyer is back in business with a new identity. He now goes by the name Greg Myers, and he claims to know of a Florida judge who has stolen more money than all other crooked judges combined. And not just crooked judges in Florida.All judges, from all states, and throughout U.S. history.",
         "category_name":"Hardcover",
         "brand_name": null,
         "page_id":"6803497748324",
         "page_id_variant":"",
         "product_id":2308263,
         "product_url":"http://www.booksamillion.com/p/Whistler/John-Grisham/9780385541190?id=6803497748324",
         "product_image_url":"http://covers3.booksamillion.com/covers/bam/0/38/554/119/0385541198_b.jpg",
         "catalog_information":{
            "id":333056,
            "group_id":12846
         }
      },
      "ugc":{
         "ugc_id":7611,
         "subject_id":1394,
         "ugc_type":"review",
         "created_date":"2016-07-21 13:06:28.0",
         "updated_date":"2016-11-07 12:44:40.163",
         "author":"Melissa",
         "location":"undisclosed",
         "review_headline":"Very good",
         "review_comments":"I thought this is a very good book. I have finish reading it. I have informed others that ask me is it a good book. It will keep you on your toes",
         "reviewer_type":"Verified Buyer",
         "email_confirm_status":"UNVERIFIED",
         "source":"email",
         "helpful_votes":0,
         "not_helpful_votes":0,
         "rating":5,
         "site_status":"published",
         "network_status":null,
         "ugc_related_content":{
            "media":[

            ]
         }
      },
      "existing_observations":[
         {
            "observation_ugc_id":126,
            "created_date":"2016-11-07 11:44:39.9213",
            "updated_date":"2016-11-07 11:44:39.9213",
            "observation_type_code":"NR"
         },
         {
            "observation_ugc_id":127,
            "created_date":"2016-11-07 11:53:15.262021",
            "updated_date":"2016-11-07 11:53:15.262021",
            "observation_type_code":"CC"
         },
         {
            "observation_ugc_id":128,
            "created_date":"2016-11-07 11:53:49.82932",
            "updated_date":"2016-11-07 11:53:49.82932",
            "observation_type_code":"CC"
         },
         {
            "observation_ugc_id":129,
            "created_date":"2016-11-07 11:55:01.387349",
            "updated_date":"2016-11-07 11:55:01.387349",
            "observation_type_code":"PR"
         },
         {
            "observation_ugc_id":130,
            "created_date":"2016-11-07 12:44:40.16352",
            "updated_date":"2016-11-07 12:44:40.16352",
            "observation_type_code":"PII"
         }
      ],
      "pwr_observations":[
         {
            "name":"Safety Concern",
            "description":"Content has evidence of potential danger, violence, child pornography, serious injury or death.   Content contains statement that can be construed as soliciting or providing medical advice",
            "created_date":"2016-10-24 10:25:42.996925",
            "updated_date":"2016-10-24 10:25:42.996925",
            "observation_type_code":"SC"
         }
      ],
      "merchant_observations":[

      ]
   },
   {
      "subject":{
         "subject_id":1394,
         "subject_type":"product",
         "name":"World Records 2017",
         "description":"The ultimate annual book of records is back and crammed with more than ever before \"Guinness World Records 2017\" is bursting with all-new records on topics as diverse as black holes, domes, owls, and killer plants. Want to know the highest anyone has travelled on a skateboard, or the largest loop-the-loop completed in a car?",
         "category_name":"Hardcover",
         "brand_name":"Guinness",
         "page_id":"6803497748324",
         "page_id_variant":"",
         "product_id":2308263,
         "product_url":"http://www.booksamillion.com/p/Guinness-World-Records/Guinness-World-Records-Limited/9781910561331?id=6803497748324",
         "product_image_url":"http://covers4.booksamillion.com/covers/bam/1/91/056/133/1910561339_b.jpg",
         "catalog_information":{
            "id":333056,
            "group_id":12846
         }
      },
      "ugc":{
         "ugc_id":7611,
         "subject_id":1394,
         "ugc_type":"review",
         "created_date":"2016-07-21 13:06:28.0",
         "updated_date":"2016-11-07 12:44:40.163",
         "author":"Doug",
         "location":"Spokane, WA",
         "review_headline":"Another great addition of human achievement",
         "review_comments":"I have bought this book every year since '88. It's a great book and always a fun coffee table read.",
         "reviewer_type":"Verified Buyer",
         "email_confirm_status":"UNVERIFIED",
         "source":"email",
         "helpful_votes":0,
         "not_helpful_votes":0,
         "rating":5,
         "site_status":"unpublished",
         "network_status":null,
         "ugc_related_content":{
            "media":[

            ]
         }
      },
      "existing_observations":[
         {
            "observation_ugc_id":126,
            "created_date":"2016-11-07 11:44:39.9213",
            "updated_date":"2016-11-07 11:44:39.9213",
            "observation_type_code":"NR"
         },
         {
            "observation_ugc_id":127,
            "created_date":"2016-11-07 11:53:15.262021",
            "updated_date":"2016-11-07 11:53:15.262021",
            "observation_type_code":"CC"
         },
         {
            "observation_ugc_id":128,
            "created_date":"2016-11-07 11:53:49.82932",
            "updated_date":"2016-11-07 11:53:49.82932",
            "observation_type_code":"CC"
         },
         {
            "observation_ugc_id":129,
            "created_date":"2016-11-07 11:55:01.387349",
            "updated_date":"2016-11-07 11:55:01.387349",
            "observation_type_code":"PR"
         },
         {
            "observation_ugc_id":130,
            "created_date":"2016-11-07 12:44:40.16352",
            "updated_date":"2016-11-07 12:44:40.16352",
            "observation_type_code":"PII"
         }
      ],
      "pwr_observations":[
         {
            "name":"Safety Concern",
            "description":"Content has evidence of potential danger, violence, child pornography, serious injury or death.   Content contains statement that can be construed as soliciting or providing medical advice",
            "created_date":"2016-10-24 10:25:42.996925",
            "updated_date":"2016-10-24 10:25:42.996925",
            "observation_type_code":"SC"
         }
      ],
      "merchant_observations":[

      ]
   }
]
